name,cover,url
不焦虑父母俱乐部,images/不焦虑父母.png,https://gdread.sslibrary.com/o/a.h?a=GEDE:gede.5read.com%2Fg%2Fedc526e51e2e44cc8d1ba4cc162700f0.h%3Fm%3D-280609925%26c%3D6,,
恐龙来了,images/恐龙来了.png,https://gdread.sslibrary.com/o/a.h?a=GEDE:gede.5read.com%2Fg%2F62bece0bcf0c4028b962a9e5740dfa99.h%3Fm%3D-280609925%26c%3D6,,
木偶奇遇记,images/木偶奇遇记.png,https://gdread.sslibrary.com/o/a.h?a=GEDE:gede.5read.com%2Fg%2F4a4f2ecebc9e46515404446c13045092.h%3Fm%3D-280609925%26c%3D6,,
安徒生童话,images/安徒生童话.png,http://gdread.sslibrary.com/o/a.h?a=GEDE:gede.5read.com%2Fg%2F4e601d0f1a5cc063d27362a4384cba6f.h%3Fm%3D-280609925%26c%3D6,,
爷爷和月亮,images/爷爷和月亮.png,http://gdread.sslibrary.com/o/a.h?a=GEDE:gede.5read.com%2Fg%2F87ec834cad36412abfb1bc5fb2f2bf57.h%3Fm%3D-280609925%26c%3D6,,
自我觉醒,images/自我觉醒.png,http://gdread.sslibrary.com/o/a.h?a=GEDE:gede.5read.com%2Fg%2Fbd1253aadc0af27af19c7804c216799f.h%3Fm%3D-280609925%26c%3D6,,
不焦虑父母俱乐部,images/不焦虑父母.png,https://gdread.sslibrary.com/o/a.h?a=GEDE:gede.5read.com%2Fg%2Fedc526e51e2e44cc8d1ba4cc162700f0.h%3Fm%3D-280609925%26c%3D6,,
恐龙来了,images/恐龙来了.png,https://gdread.sslibrary.com/o/a.h?a=GEDE:gede.5read.com%2Fg%2F62bece0bcf0c4028b962a9e5740dfa99.h%3Fm%3D-280609925%26c%3D6,,
木偶奇遇记,images/木偶奇遇记.png,https://gdread.sslibrary.com/o/a.h?a=GEDE:gede.5read.com%2Fg%2F4a4f2ecebc9e46515404446c13045092.h%3Fm%3D,,
可爱的中国 ,images/可爱的中国.png,https://gdread.sslibrary.com/o/a.h?a=GEDE:gede.5read.com%2Fg%2F1bdb8df6090fee9cc5545d982ad834e3.h%3Fm%3D-280609925%26c%3D1862,,
黑猫乌云,images/黑猫乌云.png,https://gdread.sslibrary.com/o/a.h?a=GEDE:gede.5read.com%2Fg%2F62bece0bcf0c4028b962a9e5740dfa99.h%3Fm%3D-280609925%26c%3D6,,
小王子,images/小王子.png,https://gdread.sslibrary.com/o/a.h?a=GEDE:gede.5read.com%2Fg%2F4933e0e84876dd18270a563a5e9ad370.h%3Fm%3D-280609925%26c%3D1862,,
花木村和盗贼们,images/花木村和盗贼们.png,https://gdread.sslibrary.com/o/a.h?a=GEDE:gede.5read.com%2Fg%2Ff66af3199306106c4515b90bec7275b1.h%3Fm%3D-280609925%26c%3D6,,
小狐狸买手套,images/小狐狸买手套.png,https://gdread.sslibrary.com/o/a.h?a=GEDE:gede.5read.com%2Fg%2Ff66af3199306106c4515b90bec7275b1.h%3Fm%3D-280609925%26c%3D6,,
童年,images/童年.png,https://gdread.sslibrary.com/o/a.h?a=GEDE:gede.5read.com%2Fg%2F3d5b7311f7e38bcb258b505ebf6d57d0.h%3Fm%3D-280609925%26c%3D6,,
鸟兽鱼虫了不起的汉子,images/鸟兽鱼虫不起的汉子.png,https://gdread.sslibrary.com/o/a.h?a=GEDE:gede.5read.com%2Fg%2F9ec146b7e9b4912759b9bb42305ad2ef.h%3Fm%3D-280609925%26c%3D6,,
再被狐狸骗一次,images/再被狐狸骗一次.png,https://gdread.sslibrary.com/o/a.h?a=GEDE:gede.5read.com%2Fg%2F8d2ec7074f71c0f73cda0d409d05cdc8.h%3Fm%3D-280609925%26c%3D6,,
小狗的小房子,images/小狗的小房子.png,https://gdread.sslibrary.com/o/a.h?a=GEDE:gede.5read.com%2Fg%2F0b8358e263954dcf888723e2848fedb5.h%3Fm%3D-280609925%26c%3D6,,
画给孩子的故宫,images/画给孩子的故宫.png,https://gdread.sslibrary.com/o/a.h?a=GEDE:gede.5read.com%2Fg%2F2a83f2a87be74ce5afc89adcb02ec4c6.h%3Fm%3D-280609925%26c%3D6,,
大盗奶奶的完美冒险,images/大盗奶奶的完美冒险.png,https://gdread.sslibrary.com/o/a.h?a=GEDE:gede.5read.com%2Fg%2Ff9770023041e443c82327fc32007f724.h%3Fm%3D-280609925%26c%3D6,,
自然史,images/自然史.png,https://gdread.sslibrary.com/o/a.h?a=GEDE:gede.5read.com%2Fg%2F4812aa19dc13404c8de32e68186c72df.h%3Fm%3D-280609925%26c%3D6,,
去找奶奶的那一天,images/去找奶奶的那一天.png,https://gdread.sslibrary.com/o/a.h?a=GEDE:gede.5read.com%2Fg%2F90ff423f5fb3420794d9d2b8c47a38aa.h%3Fm%3D-280609925%26c%3D6,,
海洋,images/海洋.png,https://gdread.sslibrary.com/o/a.h?a=GEDE:gede.5read.com%2Fg%2F875d484a4cb64eceaed544a7067d2290.h%3Fm%3D-280609925%26c%3D6,,
太空,images/太空.png,https://gdread.sslibrary.com/o/a.h?a=GEDE:gede.5read.com%2Fg%2F82da9aca33ac4677bedf9b331bff1ac9.h%3Fm%3D-280609925%26c%3D6,,
美丽新世界,images/美丽新世界.png,https://gdread.sslibrary.com/o/a.h?a=GEDE:gede.5read.com%2Fg%2F6d16009404c92f81464f841a0afe5133.h%3Fm%3D-280609925%26c%3D2,,
唐诗三百首,images/唐诗三百首.png,https://gdread.sslibrary.com/o/a.h?a=GEDE:gede.5read.com%2Fg%2Fc0afc3ff99eac9dba6d73f7ae653c770.h%3Fm%3D-280609925%26c%3D2,,
麦琪的礼物,images/麦琪的礼物.png,https://gdread.sslibrary.com/o/a.h?a=GEDE:gede.5read.com%2Fg%2Fcc59bea19ce647db9841a9744d973307.h%3Fm%3D-280609925%26c%3D2,,
三国演义,images/三国演义.png,https://gdread.sslibrary.com/o/a.h?a=GEDE:gede.5read.com%2Fg%2Fe9dda4973fff61a85692a2dc44be21b0.h%3Fm%3D-280609925%26c%3D2,,
小狗的散步执照,images/小狗的散步执照.png,https://gdread.sslibrary.com/o/a.h?a=GEDE:gede.5read.com%2Fg%2F4d89395962504d57950e2e1402fdaf88.h%3Fm%3D-280609925%26c%3D6,,
安徒生童话,images/安徒生童话.png,https://gdread.sslibrary.com/o/a.h?a=GEDE:gede.5read.com%2Fg%2F95ea5a79e25e4063840901282d422d57.h%3Fm%3D-280609925%26c%3D6,,
漫画儿童行为心理学,images/漫画儿童行为心理学.png,https://gdread.sslibrary.com/o/a.h?a=GEDE:gede.5read.com%2Fg%2Fb80c8dc15faf49368e8ee8d5e36ebf1a.h%3Fm%3D-280609925%26c%3D6,,
漫画民法典,images/漫画民法典.png,https://gdread.sslibrary.com/o/a.h?a=GEDE:gede.5read.com%2Fg%2F94fed9039d0345cba138e7f8fc242379.h%3Fm%3D-280609925%26c%3D6,,
做从容的父母,images/做从容的父母.png,https://gdread.sslibrary.com/o/a.h?a=GEDE:gede.5read.com%2Fg%2F91e9e9b0658543fd8f760a79029a3ce3.h%3Fm%3D-280609925%26c%3D6,,
葵花王子,images/葵花王子.png,https://gdread.sslibrary.com/o/a.h?a=GEDE:gede.5read.com%2Fg%2F2ea44fda4dc34a42925350b5a4a032ba.h%3Fm%3D-280609925%26c%3D6,,
一园青菜成了精,images/一园青菜成了精.png,https://gdread.sslibrary.com/o/a.h?a=GEDE:gede.5read.com%2Fg%2Ff7d85686bacd4425aa5336eb3701cdc0.h%3Fm%3D-280609925%26c%3D6,,
中国古代寓言故事,images/中国古代寓言故事.png,https://gdread.sslibrary.com/o/a.h?a=GEDE:gede.5read.com%2Fg%2F0e10b116197646a0a4e8cc1ebd8071a5.h%3Fm%3D-280609925%26c%3D6,,
长颈鹿拉拉,images/长颈鹿拉拉.png,https://gdread.sslibrary.com/o/a.h?a=GEDE:gede.5read.com%2Fg%2Fd0ec90ca176946f596b5335818ac9618.h%3Fm%3D-280609925%26c%3D6,,